District,Number of Sub Centres,Number of  Primary Health Centres,Number of Community Health Centres,Sub Divisional Hospital,District Hospital,,
Nicobar,36,3,1,0,1,,
North & Middle Andaman,41,7,2,0,1,,
South Andaman,37,9,1,0,1,,
Adilabad,470,70,13,2,0,,
Chittoor,653,94,9,5,1,,
Kadapa,462,72,12,1,1,,
East Godavari,809,96,20,3,1,,
Guntur,689,74,16,2,1,,
Hyderabad,53,10,0,4,1,,
Khammam,591,69,13,2,1,,
Kurnool,576,88,18,1,1,,a
Medak,489,67,8,3,1,,
Nellore,481,61,15,2,1,,
Nizamabad,412,50,14,3,1,,
Prakasam,555,85,14,3,0,,
Rangareddi,399,48,9,1,1,,
Srikakulam,488,86,14,2,0,,
Warangal,605,69,14,2,0,,
West Godavari,643,70,15,3,1,,
Anjaw,0,0,0,0,0,,
Changlang,0,0,0,0,1,,
Dibang Valley,0,0,0,0,1,,
East Kameng,0,0,0,0,1,,
East Siang,0,0,0,0,1,,
Lohit,0,0,0,0,1,,
Lower Dibang Valley,0,0,0,0,1,,
Lower Subansiri,0,0,0,0,1,,
Papum Pare,0,0,0,0,1,,
Tawang,0,0,0,0,1,,
Tirap,0,0,0,0,1,,
Upper Siang,0,0,0,0,1,,
Upper Subansiri,0,0,0,0,1,,
West Kameng,0,0,0,0,1,,
West Siang,0,0,0,0,1,,
KurumKumey,0,0,0,0,0,,
Barpeta,264,50,7,1,1,,
Bongaigaon,87,30,2,0,1,,
Baksa,157,40,5,0,0,,
Cachar,269,30,1,0,1,,
Chirang,76,24,2,0,1,,
Darrang,163,31,4,0,1,,
Dhemaji,98,21,3,0,1,,
Dhubri,246,44,6,1,1,,
Dibrugarh,231,28,5,0,0,,
Goalpara,151,41,2,0,1,,
Golaghat,144,42,4,1,1,,
Hailakandi,105,12,2,0,1,,
Jorhat,143,41,3,2,0,,
Kamrup (Rural),280,69,9,1,1,,
Kamrup (Metro) ,51,22,3,0,1,,
Karbi Anglong,145,47,5,1,1,,
Karimganj,217,23,1,0,1,,
Kokrajhar,159,45,4,1,1,,
Lakhimpur,156,28,5,1,1,,
Morigaon,123,29,2,0,1,,
N.C.HILLS,65,10,2,0,1,,
Sivasagar,219,43,2,2,1,,
Sonitpur,279,53,3,2,1,,
Tinsukia,164,19,5,0,1,,
Udalguri,142,23,3,0,1,,
Araria,199,33,2,1,1,,
Aurangabad,216,70,3,0,1,,
Arwal,64,28,0,0,1,,
Banka,265,43,3,1,1,,
Begusarai,287,41,2,1,1,,
Bhagalpur,258,71,3,2,1,,
Bhojpur,302,42,3,1,1,,
Buxar,147,35,0,2,1,,
Darbhanga,259,55,2,1,0,,
Gaya,440,71,2,0,1,,
Gopalganj,195,35,3,1,1,,
Jamui,279,57,3,1,1,,
Kaimur (Bhabua),183,30,2,2,1,,
Katihar,330,62,1,2,1,,
Khagaria,171,26,1,1,1,,
Kishanganj,136,16,2,0,1,,
Lakhisarai,102,22,1,1,1,,
Madhepura,272,36,0,0,1,,
Madhubani,434,88,3,2,1,,
Munger,151,30,0,1,1,,
Muzaffarpur,480,94,1,0,1,,
Pashchim Champaran,368,53,2,1,1,,
Purba Champaran,327,73,1,1,1,,
Purnia,334,44,2,0,1,,
Rohtas,186,51,2,2,1,,
Saharsa,152,42,0,1,1,,
Samastipur,362,65,1,3,1,,
Saran,413,63,3,1,1,,
Sheikhpura,85,23,1,1,1,,
Sheohar,29,12,1,1,1,,
Sitamarhi,212,54,2,0,1,,
Siwan,367,61,3,0,1,,
Supaul,178,31,2,1,1,,
Vaishali,335,47,3,1,1,,
Chandigarh,17,0,2,0,1,,
Bastar,405,58,11,0,0,,
Bijapur,90,12,4,0,1,,
Bilaspur,381,79,10,0,1,,
Dantewada,155,25,6,0,1,,
Dhamtari,178,22,4,0,1,,
Durg,444,73,15,0,1,,
Janjgir-Champa,261,43,8,0,1,,
Jashpur,256,33,8,0,1,,
Kanker,243,30,8,0,1,,
Kawardha,144,23,5,0,1,,
Korba,256,37,4,0,1,,
Koriya,181,27,5,0,1,,
Mahasamund,219,28,4,0,1,,
Raigarh,338,51,9,0,1,,
Raipur,572,69,18,0,1,,
Surguja,591,81,19,0,1,,
Daman,20,2,1,0,1,,
Diu,6,1,1,0,1,,
East,1,0,0,3,0,,
North-East,1,0,0,6,0,,
North,0,0,0,2,0,,
North-West,16,3,0,11,0,,
West,0,0,0,6,0,,
South-West,18,3,0,8,0,,
South,5,2,0,5,0,,
Central,0,0,0,7,0,,
New Delhi,0,0,0,1,0,,
North Goa ,104,11,3,0,1,,
South Goa,71,8,2,0,1,,
Ahmadabad,279,44,11,0,1,,
Amreli,247,37,14,2,1,,
Bharuch,200,38,7,0,1,,
Dahod,332,61,12,1,1,,
Kutch-Nhuj,251,39,13,2,1,,
Kheda,317,50,12,1,1,,
Panch Mahals,400,65,14,2,1,,
Patan,210,29,13,1,1,,
Porbandar,85,10,3,0,1,,
Rajkot,330,45,18,5,1,,
Sabar Kantha,413,63,21,1,1,,
Surat,375,51,13,0,0,,
Dang,47,9,1,0,1,,
Vadodara,465,79,16,0,1,,
Valsad,330,41,10,2,1,,
Tapi,226,30,5,0,1,,
Ambala,103,17,4,2,1,,
Bhiwani,214,42,9,5,1,,
Faridabad,59,14,2,1,1,,
Fatehabad,103,16,4,1,1,,
Gurgaon,75,15,3,2,1,,
Hisar,198,35,8,3,1,,
Jhajjar,125,27,6,2,1,,
Jind,162,28,7,1,1,,
Kaithal,143,23,6,0,1,,
Kurukshetra,110,21,5,0,1,,
Mewat,84,13,3,0,1,,
Mohidergarh,109,24,7,0,1,,
Palwal,88,13,4,0,1,,
Panchkula,46,9,2,0,1,,
Panipat,90,16,3,0,1,,
Rewari,111,16,5,1,1,,
Rohtak,116,20,5,2,1,,
Sirsa,151,24,6,2,1,,
Sonipat,161,28,6,1,1,,
Bilaspur,114,30,6,0,0,,
Chamba,170,42,7,0,0,,
Hamirpur,151,26,5,0,0,,
Kangra,434,77,14,0,0,,
Kullu,100,17,6,0,0,,
Lahul & Spiti,36,16,3,0,0,,
Mandi,312,61,12,0,0,,
Shimla,260,77,7,0,0,,
Sirmaur,148,36,3,0,0,,
Solan,178,31,5,0,0,,
Badgam,115,44,9,0,1,,
Bandipore,44,7,2,0,1,,
Baramula,128,33,6,0,1,,
Doda,75,13,3,0,1,,
Ganderbal,42,15,1,0,1,,
Jammu,197,34,8,0,1,,
Kargil,60,2,4,0,1,,
Kathua,137,24,5,0,1,,
Kishtwar,39,7,1,0,1,,
Kulgam,81,19,3,0,1,,
Kupwara,141,33,7,0,1,,
Leh ,36,13,3,0,1,,
Ramban,39,9,3,0,1,,
Reasi,64,12,2,0,1,,
Pulwama,74,17,2,0,1,,
Poonch,102,17,3,0,1,,
Rajauri,140,22,7,0,1,,
Samba,75,11,3,0,1,,
Shopian,52,9,3,0,1,,
Udhampur,97,21,2,0,1,,
Bokaro,116,16,5,3,0,,
Chatra,93,11,6,0,1,,
Deoghar,181,5,7,1,1,,
Dhanbad,141,28,8,0,0,,
Dumka,258,36,10,0,1,,
E. Singhbhum,244,18,9,0,0,,
Garhwa,132,12,8,1,1,,
Giridih,181,15,12,0,1,,
Godda,185,10,7,0,1,,
Gumla,242,13,11,0,1,,
Hazaribagh,146,14,10,0,1,,
Jamtara,132,15,4,0,1,,
Koderma,65,6,4,0,1,,
Khunti,108,4,6,0,1,,
Latehar,97,10,7,0,1,,
Lohardaga,73,10,5,0,1,,
Pakur,121,9,6,0,1,,
Palamu,171,21,10,2,1,,
Ramgarh,54,5,4,0,1,,
Ranchi,365,28,13,1,1,,
Sahibganj,155,10,7,1,1,,
Saraikela,194,12,8,0,1,,
Simdega,162,7,7,0,1,,
W. Singhbhum,342,15,14,1,1,,
Bagalkot,234,50,7,5,1,,
Bangalore Urban,195,75,3,3,3,,
Bangalore Rural,167,47,1,4,0,,
Belgaum,549,154,16,9,1,,
Bellary,272,75,8,6,1,,
Bidar,279,53,6,4,1,,
Bijapur,309,68,8,4,1,,
Chikballapur,199,60,2,5,1,,
Chikmagalur,375,92,4,6,1,,
Chitradurga,283,89,10,5,1,,
Dharwad,194,32,0,3,1,,
Gadag,168,37,2,4,1,,
Gulbarga,347,89,16,6,1,,
Hassan,456,137,14,7,1,,
Haveri,303,72,5,6,1,,
Kodagu,206,32,6,2,1,,
Kolar,275,62,2,4,2,,
Koppal,185,47,8,3,1,,
Mandya,385,114,7,6,1,,
Mysore,438,140,9,6,0,,
Raichur,223,53,5,4,1,,
Shimoga,305,91,5,6,1,,
Tumkur,487,143,4,9,1,,
Udupi,301,73,7,2,1,,
Yadgir,176,46,5,2,1,,
Alappuzha,324,56,16,4,0,,
Idukki,276,40,14,3,0,,
Kannur,362,81,10,4,0,,
Kasaragod,220,40,9,2,0,,
Kollam,368,50,16,6,0,,
Kottayam,293,54,17,3,0,,
Kozhikode,354,61,16,4,0,,
Malappuram,514,84,21,2,0,,
Palakkad,441,74,18,4,0,,
Thrissur,413,75,24,3,0,,
Lakshadweep,14,4,3,1,1,,
Alirajpur,152,15,5,0,1,,
Anup Pur,174,16,7,0,1,,
Balaghat,236,36,9,1,1,,
Badwani,289,29,8,1,1,,
Betul,263,33,10,0,1,,
Bhind,186,20,7,0,1,,
Bhopal,63,10,3,2,1,,
Burhanpur,97,13,4,0,1,,
Chhatarpur,192,37,10,0,1,,
Chhindwara,341,67,13,2,1,,
Damoh,163,14,6,1,1,,
Datia,95,10,3,2,1,,
Dewas,180,22,6,1,1,,
Dhar,399,46,15,0,1,,
Dindori,160,23,7,0,1,,
Gwalior,101,15,2,4,1,,
Harda,56,6,4,0,1,,
Hoshangabad,152,15,6,2,1,,
Indore,111,25,4,3,1,,
Jabalpur,185,22,5,3,1,,
Jhabua,190,19,7,0,1,,
Khandwa,174,30,6,0,1,,
Khargone,276,54,10,2,1,,
Katni,156,17,6,1,1,,
Mandla,248,30,9,0,1,,
Mandsour,170,42,5,2,1,,
Neemuch,104,16,3,2,1,,
Raisen,176,19,8,1,1,,
Rajgarh,166,29,5,3,1,,
Ratlam,158,25,5,2,1,,
Rewa,285,28,11,1,1,,
Sagar,245,27,11,1,1,,
Sehore,154,15,8,1,1,,
Seoni,263,30,7,1,1,,
Shahdol,194,28,7,1,1,,
Shajapur,174,19,7,4,1,,
Sheopur,90,9,3,0,1,,
Shivpuri,249,12,8,0,1,,
Sidhi,145,25,6,0,1,,
Sigrouli,142,14,5,0,1,,
Tikamgarh,156,20,7,0,1,,
Ujjain,172,22,5,6,1,,
Umaria,89,12,3,0,1,,
Vidisha,146,21,7,2,1,,
Akola,178,30,5,1,0,,
Amravati,333,56,9,4,1,,
Aurangabad,279,50,10,3,0,,
Beed,280,50,12,2,1,,
Bhandara,193,33,7,2,1,,
Chandrapur,339,58,11,2,1,,
Dhule,232,41,6,3,0,,
Gadchiroli,376,45,9,3,1,,
Gondiya,238,39,10,1,1,,
Hingoli,132,24,3,1,1,,
Jalgaon,442,77,17,3,1,,
Kolhapur,413,72,16,4,0,,
Latur,252,46,10,2,0,,
Parbhani,214,31,6,2,1,,
Pune,539,96,21,3,1,,
Raigarh (Raigad),288,52,10,3,1,,
Sangli,320,59,12,2,0,,
Satara,400,71,15,2,1,,
Sindhudurg,248,38,7,3,1,,
Solapur,431,77,13,3,0,,
Thane,492,78,14,6,1,,
Wardha,181,27,6,2,1,,
Washim,153,25,7,0,1,,
Yavatmal,435,63,14,3,0,,
Bishnupur,36,5,2,0,1,,
Chandel,26,5,0,1,1,,
Churachandpur,61,11,1,0,1,,
Imphal East,53,11,2,0,0,,
Imphal West,51,8,2,0,0,,
Tamenglong,29,6,1,0,1,,
Thoubal,58,12,5,0,1,,
Ukhrul,40,8,1,0,1,,
East Garo Hills,73,16,2,0,1,,
East Khasi Hills,66,23,6,0,2,,
Jaintia Hills,76,18,5,0,1,,
Ri Bhoi,26,8,3,0,1,,
South Garo Hills,21,7,1,0,1,,
West Garo Hills,82,18,7,0,2,,
West Khasi Hills,61,19,5,0,2,,
Aizawl(West),40,5,0,1,1,,
Aizwal(East),54,5,2,0,0,,
Champhai,59,11,2,0,1,,
Kolasib,29,5,1,0,1,,
Lawngtlai,37,6,1,0,1,,
Lunglei,71,9,1,1,1,,
Mamit,30,7,1,0,1,,
Saiha,24,4,0,0,1,,
Serchhip,26,5,1,0,1,,
Dimapur,47,8,2,0,1,,
Kohima,40,14,3,0,1,,
Kiphere,19,4,1,0,1,,
Longleng,8,3,0,0,1,,
Mokokchung,51,14,3,0,1,,
Mon,50,15,2,0,1,,
Phek,43,23,3,0,1,,
Peren,16,8,1,0,1,,
Tuensang,38,12,2,0,1,,
Wokha,37,12,2,0,1,,
Zunheboto,47,13,2,0,1,,
Anugul,166,31,10,3,1,,
Balangir,226,42,15,2,1,,
Baleshwar (Balasore),275,69,15,1,1,,
Bargarh,204,46,14,1,1,,
Baudh,67,12,5,0,1,,
Bhadrak,178,50,7,0,1,,
Cuttack,332,57,18,2,1,,
Debagarh (Deogarh),42,7,4,0,1,,
Gajapati,136,20,8,0,1,,
Ganjam,460,89,30,2,1,,
Jagatsinghapur,189,37,9,0,1,,
Jajapur,260,56,12,0,1,,
Jharsuguda,66,15,6,0,1,,
Kalahandi,242,43,16,1,1,,
Kandhamal,172,36,14,1,1,,
Kendrapara,227,45,9,0,1,,
Kendujhar (Keonjhar),351,61,17,2,1,,
Khordha,202,46,13,0,2,,
Koraput,307,48,16,1,1,,
Malkangiri,158,25,8,0,1,,
Mayurbhanj,589,82,28,3,1,,
Nuapada,95,17,6,0,1,,
Puri,241,45,16,0,1,,
Rayagada,235,36,11,1,1,,
Sambalpur,167,31,11,2,1,,
Sundargarh,390,56,20,2,2,,
Karaikal,17,9,1,0,0,,
Mahe,0,0,0,0,0,,
Puducherry,36,15,2,0,0,,
Amritsar,179,37,4,2,1,,
Bathinda,136,20,9,2,1,,
Faridkot,62,8,4,1,1,,
Fatehgarh Sahib,73,14,4,1,1,,
Firozpur,231,34,8,3,1,,
Gurdaspur,290,40,15,2,1,,
Hoshiarpur,244,32,10,3,1,,
Jalandhar,198,29,10,2,1,,
Kapurthala,88,13,4,2,1,,
Mansa,103,14,4,1,1,,
Moga,121,22,5,1,1,,
Mohali,79,13,4,1,1,,
Muktsar,102,17,5,2,1,,
Patiala,186,28,10,3,1,,
Ropar,83,14,2,1,1,,
Sangrur,194,32,6,2,1,,
Tarn Taran,153,18,9,1,1,,
Ajmer,290,43,11,2,2,,
Alwar,576,70,24,0,1,,
Banswara,401,41,14,0,1,,
Baran,206,36,9,0,1,,
Barmer,546,61,14,1,1,,
Bharatpur,396,57,13,0,1,,
Bhilwara,415,63,16,0,1,,
Bikaner,383,39,10,0,1,,
Bundi,177,25,7,0,1,,
Chittaurgarh,300,37,14,0,1,,
Churu,377,60,10,2,1,,
Dausa,237,28,8,0,1,,
Dhaulpur,195,21,6,0,1,,
Dungarpur,318,37,10,1,1,,
Hanumangarh,285,39,9,0,1,,
Jaipur,525,88,18,1,1,,
Jaisalmer,137,15,6,0,1,,
Jalore,394,53,8,0,1,,
Jhalwar,274,30,14,0,0,,
Jhunjhunu,444,72,13,0,1,,
Jodhpur,579,66,15,0,2,,
Karauli,256,25,7,0,1,,
Kota,161,27,9,0,1,,
Pali,432,67,15,1,1,,
Rajsamand,219,36,7,1,1,,
Sawai Madhopur,228,22,4,1,1,,
Sikar,536,70,17,0,1,,
Sirohi,191,22,6,0,1,,
Tonk,250,45,7,0,1,,
Udaipur,557,69,21,0,1,,
Pratapgarh,174,23,6,0,1,,
East,48,6,1,0,1,,
North ,18,5,0,0,1,,
South,39,6,1,0,1,,
West,41,7,0,0,1,,
Coimbatore,328,35,12,8,1,,
Cuddalore,319,47,13,7,1,,
Dharmapuri,218,28,8,3,1,,
Dindigul,311,43,14,11,1,,
Erode,311,38,14,7,1,,
Kancheepuram,364,44,13,7,1,,
Karur,168,23,8,5,1,,
Madurai,314,38,13,5,1,,
Perambalur,203,51,10,6,1,,
Pudukkottai,240,42,13,11,1,,
Salem,398,59,20,8,1,,
Sivaganga,275,36,12,9,1,,
Thanjavur,309,49,14,12,1,,
The Nilgiris,194,26,4,5,1,,
Theni,162,22,8,5,1,,
Thiruvallur,303,34,14,10,1,,
Thiruvarur,195,32,10,6,1,,
Tiruchirappalli (Trichy),307,42,14,8,1,,
Tirunelveli,383,50,19,12,1,,
Tiruppur,242,30,13,7,1,,
Toothukudi,249,36,12,8,1,,
Vellore,454,55,20,9,1,,
Viluppuram,557,68,22,8,1,,
Dhalai,70,11,1,3,0,,
North Tripura ,110,19,1,2,1,,
South Tripura ,169,25,3,3,1,,
West Tripura ,283,24,6,3,0,,
Agra,383,68,7,0,0,,
Aligarh,351,60,11,0,0,,
Allahabad,539,87,14,0,0,,
Aurayya,164,29,4,0,0,,
Azamgarh,490,100,11,0,0,,
Badaun,370,70,10,0,0,,
Baghpat,135,28,4,0,0,,
Bahraich,276,50,6,0,0,,
Balia,366,82,11,0,0,,
Balrampur,214,37,4,0,0,,
Banda,285,51,5,0,0,,
Barabanki,353,55,12,0,0,,
Bareilly,413,65,6,0,0,,
Basti,267,61,4,0,0,,
Bijnor,343,59,8,0,0,,
Bulandshahar,390,77,10,0,0,,
Chaundoli,244,39,5,0,0,,
Chitrakoot,140,30,3,0,0,,
Deoria,364,74,10,0,0,,
Etah,178,32,8,0,0,,
Etawah,169,48,5,0,0,,
Faizabad,255,44,7,0,0,,
Farrukhabad,192,31,6,0,0,,
Fatehpur,309,57,5,0,0,,
Ferozabad,240,53,7,0,0,,
Gaziabad,292,46,7,0,0,,
Ghazipur,393,74,12,0,0,,
Gonda,338,59,5,0,0,,
Gorakhpur,448,87,9,0,0,,
Hamirpur,215,33,4,0,0,,
Hardoi,432,76,9,0,0,,
Hathras,147,46,3,0,0,,
Jalaun,286,48,5,0,0,,
Jaunpur,499,94,13,0,0,,
Jhansi,326,45,6,0,0,,
Kanpur (Dehat),217,35,7,0,0,,
Kaushambi,170,39,3,0,0,,
Khiri,387,71,11,0,0,,
Lalitpur,191,29,4,0,0,,
Lucknow,336,37,11,0,0,,
Maharanganj,278,54,8,0,0,,
Mahoba,150,21,3,0,0,,
Mainpuri,203,51,6,0,0,,
Mathura,261,44,8,0,0,,
Mau,225,48,5,0,0,,
Meerut,358,43,4,0,0,,
Mirzapur,265,48,7,0,0,,
Moradabad,416,57,8,0,0,,
Pilibhit,195,34,6,0,0,,
Pratapgarh,360,71,17,0,0,,
Raibareilly,377,71,10,0,0,,
Rampur,211,36,5,0,0,,
Saharanpur,338,55,11,0,0,,
Shahjahanpur,310,54,12,0,0,,
Shrawasti,167,25,4,0,0,,
Sitapur,448,85,9,0,0,,
Sonbhadra,165,33,5,0,0,,
Sultanpur,403,77,14,0,0,,
Almora,195,28,4,2,2,,
Bageshwar,77,11,2,0,1,,
Chamoli,104,13,5,0,1,,
Champawat,66,6,2,1,0,,
Dehradun,167,19,7,4,2,,
Pauri Garhwal,218,22,5,3,2,,
Haridwar,159,28,6,2,2,,
Pithoragarh,154,18,4,0,2,,
Rudraprayag,65,11,2,0,1,,
Tehri Garhwal,190,26,5,1,1,,
Uttarkashi,81,11,3,0,1,,
Bankura ,564,69,22,0,0,,
Barddhaman ,765,104,35,0,0,,
Birbhum,484,58,19,0,0,,
Darjiling ,230,22,12,0,0,,
Haora ,448,41,15,0,0,,
Hugli ,660,59,18,0,0,,
Jalpaiguri ,537,38,14,0,0,,
Koch Bihar ,406,29,12,0,0,,
Maldah ,511,35,15,0,0,,
Medinipur(W),858,84,29,0,0,,
Medinipur(E),706,53,25,0,0,,
Murshidabad ,832,69,27,0,0,,
Puruliya,485,52,20,0,0,,
