District code,District,Urban / rural,No:of villages inhabited,No:of villages uninhabited,Number of towns,Number of households,Total population,Males,Females,Area(In sq . km),Population per sq . Km,Number of Sub Centres,Number of  Primary Health Centres,Number of Community Health Centres,Sub Divisional Hospital,District Hospital
1,Kupwara,Total,353,9,10,"1,13,929","8,70,354","4,74,190","3,96,164",2379.0,366,141,33,7,0,1
2,Badgam,Total,462,12,9,"1,03,363","7,53,745","3,98,041","3,55,704",1361.0,554,115,44,9,0,1
4,Kargil,Total,125,2,1,"18,338","1,40,802","77,785","63,017",14036.0,10,60,2,4,0,1
7,Kathua,Total,496,16,6,"1,19,583","6,16,435","3,26,109","2,90,326",2502.0,246,137,24,5,0,1
8,Baramula,Total,509,9,7,"1,52,635","10,08,039","5,34,733","4,73,306",4243.0,238,128,33,6,0,1
9,Bandipore,Total,119,3,3,"58,392","3,92,232","2,07,680","1,84,552",345.0,"1,137",44,7,2,0,1
11,Ganderbal,Total,113,2,3,"45,361","2,97,446","1,58,720","1,38,726",259.0,"1,148",42,15,1,0,1
12,Pulwama,Total,319,10,5,"86,241","5,60,440","2,93,064","2,67,376",1086.0,516,74,17,2,0,1
15,Kulgam,Total,226,5,7,"73,728","4,24,483","2,17,620","2,06,863",410.0,"1,035",81,19,3,0,1
16,Doda,Total,402,4,2,"79,636","4,09,936","2,13,641","1,96,295",8912.0,46,75,13,3,0,1
17,Ramban,Total,127,2,3,"55,490","2,83,713","1,49,132","1,34,581",1329.0,213,39,9,3,0,1
18,Kishtwar,Total,155,2,1,"45,209","2,30,696","1,20,165","1,10,531",1644.0,140,39,7,1,0,1
19,Udhampur,Total,325,6,6,"99,240","5,54,985","2,96,784","2,58,201",2637.0,210,97,21,2,0,1
20,Reasi,Total,253,2,5,"56,689","3,14,667","1,66,461","1,48,206",1719.0,183,64,12,2,0,1
21,Jammu,Total,780,72,20,"3,14,199","15,29,958","8,13,821","7,16,137",2342.0,653,197,34,8,0,1
22,Samba,Total,345,31,6,"65,385","3,18,898","1,69,124","1,49,774",904.0,353,75,11,3,0,1
23,Chamba,Total,"1,110",481,5,"1,02,460","5,19,080","2,61,320","2,57,760",6522.0,80,170,42,7,0,0
24,Kangra,Total,"3,617",252,9,"3,38,887","15,10,075","7,50,591","7,59,484",5739.0,263,434,77,14,0,0
25,Lahul & Spiti,Total,280,241,0,"6,674","31,564","16,588","14,976",13841.0,2,36,16,3,0,0
26,Kullu,Total,314,12,5,"94,807","4,37,903","2,25,452","2,12,451",5503.0,80,100,17,6,0,0
27,Mandi,Total,"2,850",488,5,"2,19,145","9,99,777","4,98,065","5,01,712",3950.0,253,312,61,12,0,0
28,Hamirpur,Total,"1,671",54,4,"1,05,519","4,54,768","2,17,070","2,37,698",1118.0,407,151,26,5,0,0
28,Hamirpur,Total,"1,671",54,4,"1,05,519","4,54,768","2,17,070","2,37,698",1118.0,407,215,33,4,0,0
30,Bilaspur,Total,953,108,4,"80,485","3,81,956","1,92,764","1,89,192",1167.0,327,381,79,10,0,1
30,Bilaspur,Total,953,108,4,"80,485","3,81,956","1,92,764","1,89,192",1167.0,327,114,30,6,0,0
31,Solan,Total,"2,383",161,8,"1,22,425","5,80,320","3,08,754","2,71,566",1936.0,300,178,31,5,0,0
32,Sirmaur,Total,968,8,3,"98,208","5,29,855","2,76,289","2,53,566",2825.0,188,148,36,3,0,0
33,Shimla,Total,"2,705",526,11,"1,84,362","8,14,010","4,25,039","3,88,971",5131.0,159,260,77,7,0,0
35,Gurdaspur,Total,"1,515",80,27,"4,43,666","22,98,323","12,12,617","10,85,706",3551.0,647,290,40,15,2,1
36,Kapurthala ,Total,612,76,9,"1,67,989","8,15,168","4,26,311","3,88,857",1633.0,499,88,13,4,2,1
37,Jalandhar,Total,922,19,21,"4,61,635","21,93,590","11,45,211","10,48,379",2624.0,836,198,29,10,2,1
38,Hoshiarpur,Total,"1,385",31,13,"3,36,994","15,86,625","8,09,057","7,77,568",3386.0,469,244,32,10,3,1
40,Fatehgarh Sahib,Total,442,4,5,"1,18,100","6,00,163","3,20,795","2,79,368",1180.0,509,73,14,4,1,1
42,Moga,Total,319,6,5,"1,93,256","9,95,746","5,25,920","4,69,826",2242.0,444,121,22,5,1,1
43,Firozpur,Total,955,45,13,"3,85,994","20,29,074","10,71,637","9,57,437",5305.0,382,231,34,8,3,1
44,Muktsar,Total,233,1,4,"1,74,360","9,01,896","4,75,622","4,26,274",2593.0,348,102,17,5,2,1
45,Faridkot,Total,163,8,3,"1,20,893","6,17,508","3,26,671","2,90,837",1458.0,424,62,8,4,1,1
46,Bathinda,Total,279,2,12,"2,73,902","13,88,525","7,43,197","6,45,328",3353.0,414,136,20,9,2,1
47,Mansa,Total,238,2,5,"1,49,630","7,69,751","4,08,732","3,61,019",2198.0,350,103,14,4,1,1
48,Patiala,Total,895,17,12,"3,72,293","18,95,686","10,02,522","8,93,164",3325.0,570,186,28,10,3,1
49,Amritsar ,Total,703,36,15,"4,88,898","24,90,656","13,18,408","11,72,248",2683.0,928,179,37,4,2,1
50,Tarn Taran,Total,479,10,4,"2,03,421","11,19,627","5,89,369","5,30,258",2414.0,464,153,18,9,1,1
53,Sangrur,Total,564,7,13,"3,18,870","16,55,169","8,78,029","7,77,140",3625.0,457,194,32,6,2,1
55,Chandigarh,Total,5,0,6,"2,41,173","10,55,450","5,80,663","4,74,787",114.0,"9,258",17,0,2,0,1
56,Uttarkashi,Total,694,13,3,"67,602","3,30,086","1,68,597","1,61,489",8016.0,41,81,11,3,0,1
57,Chamoli,Total,"1,170",76,6,"88,964","3,91,605","1,93,991","1,97,614",8030.0,49,104,13,5,0,1
58,Rudraprayag,Total,653,35,2,"53,542","2,42,285","1,14,589","1,27,696",1984.0,122,65,11,2,0,1
59,Tehri Garhwal,Total,"1,774",88,7,"1,32,714","6,18,931","2,97,986","3,20,945",3642.0,170,190,26,5,1,1
60,Dehradun,Total,731,17,22,"3,47,001","16,96,694","8,92,199","8,04,495",3088.0,549,167,19,7,4,2
62,Pithoragarh,Total,"1,572",103,3,"1,14,730","4,83,439","2,39,306","2,44,133",7090.0,68,154,18,4,0,2
63,Bageshwar,Total,874,73,1,"58,046","2,59,898","1,24,326","1,35,572",2241.0,116,77,11,2,0,1
64,"Almora
",Total,"2,184",105,5,"1,40,577","6,22,506","2,91,081","3,31,425",3144.0,198,195,28,4,2,2
65,Champawat,Total,662,55,4,"53,953","2,59,648","1,31,125","1,28,523",1766.0,147,66,6,2,1,0
69,Panchkula,Total,206,13,8,"1,17,107","5,61,293","2,99,679","2,61,614",898.0,625,46,9,2,0,1
70,Ambala,Total,461,9,15,"2,24,334","11,28,350","5,98,703","5,29,647",1574.0,717,103,17,4,2,1
72,Kurukshetra,Total,407,8,5,"1,88,143","9,64,655","5,10,976","4,53,679",1530.0,630,110,21,5,0,1
73,Kaithal,Total,267,2,4,"2,04,274","10,74,304","5,71,003","5,03,301",2317.0,464,143,23,6,0,1
75,Panipat,Total,176,10,12,"2,35,640","12,05,437","6,46,857","5,58,580",1268.0,951,90,16,3,0,1
76,Sonipat,Total,319,13,8,"2,77,726","14,50,001","7,81,299","6,68,702",2122.0,683,161,28,6,1,1
77,Jind,Total,302,4,6,"2,49,736","13,34,152","7,13,006","6,21,146",2702.0,494,162,28,7,1,1
78,Fatehabad,Total,245,0,4,"1,80,637","9,42,011","4,95,360","4,46,651",2538.0,371,103,16,4,1,1
79,Sirsa,Total,327,3,5,"2,46,571","12,95,189","6,82,582","6,12,607",4277.0,303,151,24,6,2,1
80,Hisar,Total,268,1,11,"3,35,608","17,43,931","9,31,562","8,12,369",3983.0,438,198,35,8,3,1
81,Bhiwani,Total,442,2,6,"3,11,380","16,34,445","8,66,672","7,67,773",4778.0,342,214,42,9,5,1
82,Rohtak,Total,136,7,5,"2,06,988","10,61,204","5,68,479","4,92,725",1745.0,608,116,20,5,2,1
83,Jhajjar,Total,247,13,5,"1,85,334","9,58,405","5,14,667","4,43,738",1834.0,523,125,27,6,2,1
85,Rewari,Total,389,14,9,"1,78,043","9,00,332","4,74,335","4,25,997",1594.0,565,111,16,5,1,1
86,Gurgaon,Total,229,13,9,"3,26,428","15,14,432","8,16,690","6,97,742",1258.0,"1,204",75,15,3,2,1
87,Mewat ,Total,412,27,8,"1,60,280","10,89,263","5,71,162","5,18,101",1507.0,723,84,13,3,0,1
88,Faridabad,Total,144,5,3,"3,58,919","18,09,733","9,66,110","8,43,623",741.0,"2,442",59,14,2,1,1
89,Palwal ,Total,268,12,6,"1,71,157","10,42,708","5,54,497","4,88,211",1359.0,767,88,13,4,0,1
91,North,Total,2,2,4,"1,80,044","8,87,978","4,75,002","4,12,976",61.0,"14,557",0,0,0,2,0
91,North,Total,2,2,4,"1,80,044","8,87,978","4,75,002","4,12,976",61.0,"14,557",18,5,0,0,1
93,East,Total,1,0,7,"3,58,937","17,09,346","9,07,500","8,01,846",63.0,"27,132",1,0,0,3,0
93,East,Total,1,0,7,"3,58,937","17,09,346","9,07,500","8,01,846",63.0,"27,132",48,6,1,0,1
94,New Delhi,Total,0,0,0,"33,208","1,42,004","77,942","64,062",35.0,"4,057",0,0,0,1,0
95,Central,Total,0,0,0,"1,19,639","5,82,320","3,07,821","2,74,499",21.0,"27,730",0,0,0,7,0
96,West,Total,2,0,11,"5,33,221","25,43,243","13,56,240","11,87,003",130.0,"19,563",0,0,0,6,0
96,West,Total,2,0,11,"5,33,221","25,43,243","13,56,240","11,87,003",130.0,"19,563",41,7,0,0,1
98,South,Total,3,0,23,"5,74,133","27,31,929","14,67,428","12,64,501",247.0,"11,060",5,2,0,5,0
98,South,Total,3,0,23,"5,74,133","27,31,929","14,67,428","12,64,501",247.0,"11,060",39,6,1,0,1
100,Hanumangarh,Total,"1,831",76,6,"3,36,192","17,74,692","9,31,184","8,43,508",9656.0,184,285,39,9,0,1
101,Bikaner,Total,857,62,6,"3,84,944","23,63,937","12,40,801","11,23,136",30239.0,78,383,39,10,0,1
102,Churu,Total,873,26,10,"3,48,984","20,39,547","10,51,446","9,88,101",13835.0,147,377,60,10,2,1
104,Alwar,Total,"2,021",33,16,"6,39,720","36,74,179","19,39,026","17,35,153",8380.0,438,576,70,24,0,1
105,Bharatpur,Total,"1,432",92,10,"4,25,414","25,48,462","13,55,726","11,92,736",5066.0,503,396,57,13,0,1
106,Dhaulpur,Total,801,18,4,"2,03,754","12,06,516","6,53,647","5,52,869",3033.0,398,195,21,6,0,1
107,Karauli,Total,851,37,4,"2,62,503","14,58,248","7,83,639","6,74,609",5524.0,264,256,25,7,0,1
108,Sawai Madhopur,Total,758,56,4,"2,54,716","13,35,551","7,04,031","6,31,520",4498.0,297,228,22,4,1,1
109,Dausa,Total,"1,079",30,5,"2,92,502","16,34,409","8,57,787","7,76,622",3432.0,476,237,28,8,0,1
110,Jaipur,Total,"2,126",54,19,"11,77,096","66,26,178","34,68,507","31,57,671",11143.0,595,525,88,18,1,1
111,Sikar,Total,"1,162",5,15,"4,44,816","26,77,333","13,74,990","13,02,343",7732.0,346,536,70,17,0,1
113,Jodhpur,Total,"1,836",2,7,"6,49,013","36,87,165","19,23,928","17,63,237",22850.0,161,579,66,15,0,2
114,Jaisalmer,Total,756,43,2,"1,17,171","6,69,919","3,61,708","3,08,211",38401.0,17,137,15,6,0,1
115,Barmer,Total,"2,452",8,4,"4,51,629","26,03,751","13,69,022","12,34,729",28387.0,92,546,61,14,1,1
117,Sirohi,Total,470,7,9,"2,01,785","10,36,346","5,34,231","5,02,115",5136.0,202,191,22,6,0,1
118,Pali,Total,"1,017",13,11,"4,18,157","20,37,573","10,25,422","10,12,151",12387.0,164,432,67,15,1,1
119,Ajmer,Total,"1,099",12,11,"4,94,832","25,83,052","13,24,085","12,58,967",8481.0,305,290,43,11,2,2
120,Tonk,Total,"1,116",67,8,"2,66,870","14,21,326","7,28,136","6,93,190",7194.0,198,250,45,7,0,1
121,Bundi,Total,867,6,9,"2,20,768","11,10,906","5,77,160","5,33,746",5776.0,192,177,25,7,0,1
122,Bhilwara,Total,"1,790",44,9,"4,98,125","24,08,523","12,20,736","11,87,787",10455.0,230,415,63,16,0,1
123,Rajsamand,Total,"1,037",13,9,"2,43,078","11,56,597","5,81,339","5,75,258",4655.0,248,219,36,7,1,1
124,Dungarpur,Total,972,4,4,"2,82,029","13,88,552","6,96,532","6,92,020",3770.0,368,318,37,10,1,1
125,Banswara,Total,"1,485",28,4,"3,67,797","17,97,485","9,07,754","8,89,731",4522.0,397,401,41,14,0,1
126,Chittaurgarh,Total,"1,581",149,7,"3,29,119","15,44,338","7,83,171","7,61,167",7822.0,197,300,37,14,0,1
127,Kota,Total,805,69,11,"3,96,501","19,51,014","10,21,161","9,29,853",5217.0,374,161,27,9,0,1
128,Baran,Total,"1,114",107,8,"2,41,428","12,22,755","6,33,945","5,88,810",6992.0,175,206,36,9,0,1
130,Udaipur,Total,"2,471",8,17,"6,23,531","30,68,420","15,66,801","15,01,619",11724.0,262,557,69,21,0,1
131,Pratapgarh,Total,970,33,3,"1,78,726","8,67,848","4,37,744","4,30,104",4449.0,195,174,23,6,0,1
131,Pratapgarh,Total,970,33,3,"1,78,726","8,67,848","4,37,744","4,30,104",4449.0,195,360,71,17,0,0
132,Saharanpur,Total,"1,243",329,16,"5,97,656","34,66,382","18,34,106","16,32,276",3689.0,940,338,55,11,0,0
134,Bijnor,Total,"2,186",798,26,"6,33,197","36,82,713","19,21,215","17,61,498",4561.0,807,343,59,8,0,0
135,Moradabad,Total,"1,550",243,17,"7,96,170","47,72,006","25,03,186","22,68,820",3718.0,"1,283",416,57,8,0,0
136,Rampur,Total,"1,108",55,10,"3,93,736","23,35,819","12,23,889","11,11,930",2367.0,987,211,36,5,0,0
138,Meerut,Total,604,59,18,"5,79,110","34,43,689","18,25,743","16,17,946",2559.0,"1,346",358,43,4,0,0
139,Baghpat,Total,290,25,8,"2,09,916","13,03,048","7,00,070","6,02,978",1321.0,986,135,28,4,0,0
143,Aligarh,Total,"1,170",29,24,"6,11,371","36,73,889","19,51,996","17,21,893",3650.0,"1,007",351,60,11,0,0
145,Mathura,Total,730,144,25,"4,23,125","25,47,184","13,67,125","11,80,059",3340.0,763,261,44,8,0,0
146,Agra,Total,893,36,27,"7,10,566","44,18,797","23,64,953","20,53,844",4041.0,"1,093",383,68,7,0,0
148,Mainpuri,Total,820,31,9,"3,13,690","18,68,529","9,93,377","8,75,152",2760.0,677,203,51,6,0,0
150,Bareilly,Total,"1,855",196,31,"7,56,784","44,48,359","23,57,665","20,90,694",4120.0,"1,080",413,65,6,0,0
151,Pilibhit,Total,"1,295",140,11,"3,62,573","20,31,007","10,72,002","9,59,005",3686.0,551,195,34,6,0,0
152,Shahjahanpur,Total,"2,088",240,11,"5,27,501","30,06,538","16,06,403","14,00,135",4388.0,685,310,54,12,0,0
154,Sitapur,Total,"2,317",31,12,"8,01,764","44,83,992","23,75,264","21,08,728",5743.0,781,448,85,9,0,0
155,Hardoi,Total,"1,907",163,13,"7,30,442","40,92,845","21,91,442","19,01,403",5986.0,684,432,76,9,0,0
157,Lucknow,Total,803,4,12,"8,60,703","45,89,838","23,94,476","21,95,362",2528.0,"1,816",336,37,11,0,0
159,Farrukhabad,Total,872,133,9,"3,14,144","18,85,204","10,06,240","8,78,964",2181.0,864,192,31,6,0,0
161,Etawah,Total,686,6,6,"2,77,527","15,81,810","8,45,856","7,35,954",2311.0,684,169,48,5,0,0
165,Jalaun ,Total,942,209,10,"2,88,338","16,89,974","9,06,092","7,83,882",4565.0,370,286,48,5,0,0
166,Jhansi,Total,745,71,19,"3,67,779","19,98,603","10,57,436","9,41,167",5024.0,398,326,45,6,0,0
167,Lalitpur,Total,691,61,6,"2,22,094","12,21,592","6,41,011","5,80,581",5039.0,242,191,29,4,0,0
168,Hamirpur,Total,497,130,7,"2,04,863","11,04,285","5,93,537","5,10,748",4021.0,275,151,26,5,0,0
168,Hamirpur,Total,497,130,7,"2,04,863","11,04,285","5,93,537","5,10,748",4021.0,275,215,33,4,0,0
169,Mahoba,Total,435,86,5,"1,58,435","8,75,958","4,66,358","4,09,600",3144.0,279,150,21,3,0,0
170,Banda,Total,657,37,8,"3,19,963","17,99,410","9,65,876","8,33,534",4408.0,408,285,51,5,0,0
171,Chitrakoot,Total,562,94,4,"1,68,232","9,91,730","5,27,721","4,64,009",3216.0,308,140,30,3,0,0
172,Fatehpur,Total,"1,352",163,7,"4,72,238","26,32,733","13,84,722","12,48,011",4152.0,634,309,57,5,0,0
173,Pratapgarh,Total,"2,183",34,9,"5,33,546","32,09,141","16,06,085","16,03,056",3717.0,863,174,23,6,0,1
173,Pratapgarh,Total,"2,183",34,9,"5,33,546","32,09,141","16,06,085","16,03,056",3717.0,863,360,71,17,0,0
174,Kaushambi,Total,729,139,9,"2,77,851","15,99,596","8,38,485","7,61,111",1779.0,899,170,39,3,0,0
175,Allahabad ,Total,"2,809",244,25,"9,76,733","59,54,391","31,31,807","28,22,584",5482.0,"1,086",539,87,14,0,0
177,Faizabad,Total,"1,235",29,10,"4,23,375","24,70,996","12,59,628","12,11,368",2341.0,"1,056",255,44,7,0,0
179,Sultanpur,Total,"2,498",29,11,"6,23,523","37,97,117","19,14,586","18,82,531",4436.0,856,403,77,14,0,0
180,Bahraich,Total,"1,359",31,5,"6,03,754","34,87,731","18,43,884","16,43,847",5237.0,666,276,50,6,0,0
181,Shrawasti,Total,509,32,2,"1,88,289","11,17,361","5,93,897","5,23,464",1640.0,681,167,25,4,0,0
182,Balrampur,Total,998,17,6,"3,23,881","21,48,665","11,14,721","10,33,944",3349.0,642,214,37,4,0,0
183,Gonda,Total,"1,812",5,10,"5,41,247","34,33,919","17,87,146","16,46,773",4003.0,858,338,59,5,0,0
185,Basti,Total,"3,160",188,3,"3,82,212","24,64,464","12,55,272","12,09,192",2688.0,917,267,61,4,0,0
188,Gorakhpur,Total,"2,937",382,14,"6,92,960","44,40,895","22,77,777","21,63,118",3321.0,"1,337",448,87,9,0,0
190,Deoria,Total,"2,019",143,10,"4,68,346","31,00,946","15,37,436","15,63,510",2540.0,"1,221",364,74,10,0,0
191,Azamgarh,Total,"3,800",301,20,"6,65,232","46,13,913","22,85,004","23,28,909",4054.0,"1,138",490,100,11,0,0
192,Mau,Total,"1,499",111,14,"3,24,424","22,05,968","11,14,709","10,91,259",1713.0,"1,288",225,48,5,0,0
194,Jaunpur,Total,"3,287",94,13,"6,63,513","44,94,204","22,20,465","22,73,739",4038.0,"1,113",499,94,13,0,0
195,Ghazipur,Total,"2,740",627,8,"5,46,664","36,20,268","18,55,075","17,65,193",3377.0,"1,072",393,74,12,0,0
199,Mirzapur,Total,"1,745",216,10,"3,94,925","24,96,970","13,12,302","11,84,668",4405.0,567,265,48,7,0,0
200,Sonbhadra,Total,"1,391",38,18,"3,33,174","18,62,559","9,71,344","8,91,215",6905.0,270,165,33,5,0,0
201,Etah,Total,853,29,10,"2,90,683","17,74,480","9,47,339","8,27,141",2431.0,730,178,32,8,0,0
203,Pashchim Champaran,Total,"1,365",118,8,"7,10,461","39,35,042","20,61,110","18,73,932",5228.0,753,368,53,2,1,1
204,Purba Champaran,Total,"1,252",41,10,"9,81,516","50,99,371","26,81,209","24,18,162",3968.0,"1,285",327,73,1,1,1
205,Sheohar,Total,191,12,1,"1,50,144","6,56,246","3,46,673","3,09,573",349.0,"1,880",29,12,1,1,1
206,Sitamarhi,Total,808,26,8,"7,36,322","34,23,574","18,03,252","16,20,322",2294.0,"1,492",212,54,2,0,1
207,Madhubani,Total,"1,040",70,6,"8,98,515","44,87,379","23,29,313","21,58,066",3501.0,"1,282",434,88,3,2,1
208,Supaul,Total,526,25,3,"4,43,073","22,29,076","11,55,283","10,73,793",2425.0,919,178,31,2,1,1
209,Araria,Total,716,26,3,"5,68,142","28,11,569","14,63,333","13,48,236",2830.0,993,199,33,2,1,1
210,Kishanganj,Total,732,39,3,"3,38,445","16,90,400","8,66,970","8,23,430",1884.0,897,136,16,2,0,1
211,Purnia,Total,"1,113",160,3,"6,47,777","32,64,619","16,99,370","15,65,249",3229.0,"1,011",334,44,2,0,1
212,Katihar,Total,"1,306",234,3,"6,19,076","30,71,029","16,00,430","14,70,599",3057.0,"1,005",330,62,1,2,1
213,Madhepura,Total,380,59,3,"4,01,289","20,01,762","10,47,559","9,54,203",1788.0,"1,120",272,36,0,0,1
214,Saharsa,Total,445,23,1,"3,68,979","19,00,661","9,97,174","9,03,487",1687.0,"1,127",152,42,0,1,1
215,Darbhanga,Total,"1,069",178,4,"8,03,012","39,37,385","20,59,949","18,77,436",2279.0,"1,728",259,55,2,1,0
216,Muzaffarpur,Total,"1,719",67,9,"9,45,703","48,01,062","25,27,497","22,73,565",3172.0,"1,514",480,94,1,0,1
217,Gopalganj,Total,"1,395",139,5,"4,13,044","25,62,012","12,67,666","12,94,346",2033.0,"1,260",195,35,3,1,1
218,Siwan,Total,"1,435",95,3,"5,35,661","33,30,464","16,75,090","16,55,374",2219.0,"1,501",367,61,3,0,1
219,Saran,Total,"1,570",194,6,"6,31,097","39,51,862","20,22,821","19,29,041",2641.0,"1,496",413,63,3,1,1
220,Vaishali,Total,"1,422",147,3,"6,26,087","34,95,021","18,44,535","16,50,486",2036.0,"1,717",335,47,3,1,1
221,Samastipur,Total,"1,129",117,7,"8,35,493","42,61,566","22,30,003","20,31,563",2904.0,"1,467",362,65,1,3,1
222,Begusarai,Total,694,446,10,"5,89,667","29,70,541","15,67,660","14,02,881",1918.0,"1,549",287,41,2,1,1
223,Khagaria,Total,245,56,2,"3,28,823","16,66,886","8,83,786","7,83,100",1486.0,"1,122",171,26,1,1,1
224,Bhagalpur,Total,966,549,10,"5,64,711","30,37,766","16,15,663","14,22,103",2569.0,"1,182",258,71,3,2,1
225,Banka,Total,"1,702",409,2,"3,81,601","20,34,763","10,67,140","9,67,623",3020.0,674,265,43,3,1,1
226,Munger,Total,534,324,7,"2,63,171","13,67,765","7,29,041","6,38,724",1419.0,964,151,30,0,1,1
227,Lakhisarai,Total,362,110,2,"1,63,355","10,00,912","5,26,345","4,74,567",1228.0,815,102,22,1,1,1
228,Sheikhpura,Total,261,53,2,"1,00,701","6,36,342","3,29,743","3,06,599",689.0,924,85,23,1,1,1
231,Bhojpur,Total,997,220,6,"4,16,090","27,28,407","14,30,380","12,98,027",2395.0,"1,139",302,42,3,1,1
232,Buxar,Total,835,298,3,"2,61,660","17,06,352","8,87,977","8,18,375",1703.0,"1,002",147,35,0,2,1
233,Kaimur (Bhabua),Total,"1,337",358,3,"2,50,884","16,26,384","8,47,006","7,79,378",3332.0,488,183,30,2,2,1
234,Rohtas,Total,"1,717",355,10,"4,60,345","29,59,918","15,43,546","14,16,372",3881.0,763,186,51,2,2,1
235,Aurangabad,Total,"1,742",105,6,"3,91,898","25,40,073","13,18,684","12,21,389",3305.0,769,216,70,3,0,1
235,Aurangabad,Total,"1,742",105,6,"3,91,898","25,40,073","13,18,684","12,21,389",3305.0,769,279,50,10,3,0
236,Gaya,Total,"2,682",204,6,"6,88,425","43,91,418","22,66,566","21,24,852",4976.0,883,440,71,2,0,1
238,Jamui,Total,"1,324",179,5,"3,07,082","17,60,405","9,16,064","8,44,341",3098.0,568,279,57,3,1,1
240,Arwal,Total,299,17,1,"1,18,222","7,00,843","3,63,497","3,37,346",638.0,"1,099",64,28,0,0,1
245,Tawang,Total,218,17,1,"10,062","49,977","29,151","20,826",2172.0,23,0,0,0,0,1
246,West Kameng,Total,260,23,3,"18,159","83,947","46,155","37,792",7422.0,11,0,0,0,0,1
247,East Kameng,Total,356,26,1,"14,508","78,690","38,775","39,915",4134.0,19,0,0,0,0,1
248,Papum Pare,Total,455,30,3,"35,730","1,76,573","89,182","87,391",3462.0,51,0,0,0,0,1
249,Upper Subansiri,Total,543,10,1,"15,869","83,448","41,758","41,690",7032.0,12,0,0,0,0,1
250,West Siang,Total,444,17,2,"21,231","1,12,274","58,168","54,106",8325.0,13,0,0,0,0,1
251,East Siang,Total,150,1,2,"19,107","99,214","50,116","49,098",3603.0,28,0,0,0,0,1
252,Upper Siang,Total,98,14,1,"7,324","35,320","18,699","16,621",6590.0,5,0,0,0,0,1
253,Changlang,Total,347,15,3,"29,521","1,48,226","76,948","71,278",4662.0,32,0,0,0,0,1
254,Tirap,Total,189,1,3,"20,611","1,11,975","57,604","54,371",2362.0,47,0,0,0,0,1
255,Lower Subansiri,Total,536,42,1,"15,249","83,030","41,843","41,187",3508.0,24,0,0,0,0,1
257,Dibang Valley,Total,134,8,1,"1,952","8,004","4,414","3,590",9129.0,1,0,0,0,0,1
258,Lower Dibang Valley,Total,264,50,1,"11,600","54,080","28,053","26,027",3900.0,14,0,0,0,0,1
259,Lohit,Total,286,14,2,"30,005","1,45,726","76,221","69,505",5212.0,28,0,0,0,0,1
260,Anjaw,Total,278,27,1,"4,612","21,167","11,507","9,660",6190.0,3,0,0,0,0,0
261,Mon,Total,131,0,2,"41,978","2,50,260","1,31,753","1,18,507",1786.0,140,50,15,2,0,1
262,Mokokchung,Total,107,1,4,"42,690","1,94,622","1,01,092","93,530",1615.0,121,51,14,3,0,1
263,Zunheboto,Total,191,0,2,"27,835","1,40,757","71,217","69,540",1255.0,112,47,13,2,0,1
264,Wokha,Total,151,2,1,"31,891","1,66,343","84,505","81,838",1628.0,102,37,12,2,0,1
265,Dimapur ,Total,219,3,7,"78,605","3,78,811","1,97,394","1,81,417",927.0,409,47,8,2,0,1
266,Phek,Total,117,0,2,"36,639","1,63,418","83,743","79,675",2026.0,81,43,23,3,0,1
267,Tuensang,Total,138,6,1,"36,742","1,96,596","1,01,933","94,663",2536.0,78,38,12,2,0,1
268,Longleng,Total,49,0,1,"11,985","50,484","26,502","23,982",562.0,90,8,3,0,0,1
270,Kohima,Total,105,0,3,"54,391","2,67,988","1,38,966","1,29,022",1463.0,183,40,14,3,0,1
271,Peren,Total,102,10,2,"18,475","95,219","49,714","45,505",1651.0,58,16,8,1,0,1
273,Tamenglong ,Total,174,1,1,"25,039","1,40,651","72,371","68,280",4391.0,32,29,6,1,0,1
274,Churachandpur,Total,596,4,3,"49,089","2,74,143","1,38,820","1,35,323",4570.0,60,61,11,1,0,1
275,Bishnupur,Total,48,1,7,"46,580","2,37,399","1,18,782","1,18,617",496.0,479,36,5,2,0,1
276,Thoubal,Total,87,16,9,"85,965","4,22,168","2,10,845","2,11,323",514.0,821,58,12,5,0,1
277,Imphal West,Total,107,17,13,"1,11,156","5,17,992","2,55,054","2,62,938",519.0,998,51,8,2,0,0
278,Imphal East,Total,191,4,15,"92,124","4,56,113","2,26,094","2,30,019",709.0,643,53,11,2,0,0
279,Ukhrul,Total,213,0,1,"35,694","1,83,998","94,718","89,280",4544.0,40,40,8,1,0,1
280,Chandel,Total,430,7,1,"28,801","1,44,182","74,579","69,603",3313.0,44,26,5,0,1,1
281,Mamit,Total,86,37,3,"17,731","86,364","44,828","41,536",3025.0,29,30,7,1,0,1
282,Kolasib,Total,34,15,4,"17,270","83,955","42,918","41,037",1382.0,61,29,5,1,0,1
284,Champhai,Total,83,7,4,"25,520","1,25,745","63,388","62,357",3185.0,39,59,11,2,0,1
285,Serchhip,Total,35,5,3,"12,622","64,937","32,851","32,086",1421.0,46,26,5,1,0,1
286,Lunglei,Total,161,34,3,"33,058","1,61,428","82,891","78,537",4536.0,36,71,9,1,1,1
287,Lawngtlai,Total,159,9,1,"22,984","1,17,894","60,599","57,295",2557.0,46,37,6,1,0,1
288,Saiha,Total,52,9,1,"11,144","56,574","28,594","27,980",1399.0,40,24,4,0,0,1
289,West Tripura ,Total,281,6,21,"4,10,565","17,25,739","8,79,428","8,46,311",2993.0,577,283,24,6,3,0
290,South Tripura ,Total,268,2,10,"2,08,127","8,76,001","4,47,544","4,28,457",3057.0,287,169,25,3,3,1
291,Dhalai,Total,148,4,4,"84,509","3,78,230","1,94,544","1,83,686",2400.0,158,70,11,1,3,0
292,North Tripura,Total,166,0,7,"1,52,355","6,93,947","3,52,860","3,41,087",2036.0,341,110,19,1,2,1
293,West Garo Hills,Total,"1,577",86,1,"1,23,352","6,43,291","3,24,159","3,19,132",3677.0,175,82,18,7,0,2
294,East Garo Hills,Total,"1,058",52,2,"58,328","3,17,917","1,61,223","1,56,694",2603.0,122,73,16,2,0,1
295,South Garo Hills,Total,731,73,1,"24,527","1,42,334","73,170","69,164",1887.0,75,21,7,1,0,1
296,West Khasi Hills,Total,"1,093",22,2,"64,906","3,83,461","1,93,715","1,89,746",5247.0,73,61,19,5,0,2
298,East Khasi Hills,Total,923,52,13,"1,64,046","8,25,922","4,10,749","4,15,173",2748.0,301,66,23,6,0,2
299,Jaintia Hills,Total,498,39,1,"66,028","3,95,124","1,96,285","1,98,839",3819.0,103,76,18,5,0,1
300,Kokrajhar,Total,"1,053",15,4,"1,81,081","8,87,142","4,52,905","4,34,237",3296.0,269,159,45,4,1,1
301,Dhubri,Total,"1,052",39,9,"4,14,674","19,49,258","9,97,848","9,51,410",2176.0,896,246,44,6,1,1
302,Goalpara,Total,779,50,11,"1,98,454","10,08,183","5,13,292","4,94,891",1824.0,553,151,41,2,0,1
303,Barpeta,Total,825,10,9,"3,37,929","16,93,622","8,67,004","8,26,618",2282.0,742,264,50,7,1,1
304,Morigaon,Total,598,34,6,"1,84,602","9,57,423","4,86,651","4,70,772",1551.0,617,123,29,2,0,1
306,Sonitpur,Total,"1,798",78,8,"3,92,919","19,24,110","9,83,904","9,40,206",5204.0,370,279,53,3,2,1
307,Lakhimpur,Total,"1,146",38,4,"2,04,307","10,42,137","5,29,674","5,12,463",2277.0,458,156,28,5,1,1
308,Dhemaji,Total,"1,264",55,4,"1,29,869","6,86,133","3,51,249","3,34,884",3237.0,212,98,21,3,0,1
309,Tinsukia,Total,"1,136",32,13,"2,68,598","13,27,929","6,80,231","6,47,698",3790.0,350,164,19,5,0,1
310,Dibrugarh,Total,"1,318",30,9,"2,76,867","13,26,335","6,76,434","6,49,901",3381.0,392,231,28,5,0,0
311,Sivasagar,Total,862,13,7,"2,48,367","11,51,050","5,89,216","5,61,834",2668.0,431,219,43,2,2,1
312,Jorhat,Total,763,85,11,"2,36,262","10,92,256","5,56,805","5,35,451",2851.0,383,143,41,3,2,0
313,Golaghat,Total,"1,032",93,7,"2,27,197","10,66,888","5,43,161","5,23,727",3502.0,305,144,42,4,1,1
314,Karbi Anglong,Total,"2,712",209,7,"1,77,646","9,56,313","4,90,167","4,66,146",10434.0,92,145,47,5,1,1
316,Cachar,Total,998,42,19,"3,79,955","17,36,617","8,86,284","8,50,333",3786.0,459,269,30,1,0,1
317,Karimganj,Total,915,21,7,"2,47,714","12,28,686","6,25,864","6,02,822",1809.0,679,217,23,1,0,1
318,Hailakandi,Total,330,1,3,"1,43,350","6,59,296","3,37,890","3,21,406",1327.0,497,105,12,2,0,1
319,Bongaigaon,Total,535,28,5,"1,50,018","7,38,804","3,75,818","3,62,986",1093.0,676,87,30,2,0,1
320,Chirang,Total,501,7,3,"97,395","4,82,162","2,44,860","2,37,302",1923.0,251,76,24,2,0,1
324,Baksa,Total,679,11,2,"1,91,701","9,50,075","4,81,330","4,68,745",2457.0,387,157,40,5,0,0
325,Darrang,Total,552,9,3,"1,87,783","9,28,500","4,75,273","4,53,227",1585.0,586,163,31,4,0,1
326,Udalguri,Total,791,9,3,"1,68,717","8,31,668","4,21,617","4,10,051",2012.0,413,142,23,3,0,1
327,Darjiling ,Total,616,71,29,"3,91,234","18,46,823","9,37,259","9,09,564",3149.0,586,230,22,12,0,0
328,Jalpaiguri ,Total,718,15,39,"8,68,326","38,72,846","19,83,064","18,89,782",6227.0,622,537,38,14,0,0
329,Koch Bihar ,Total,"1,132",62,18,"6,65,720","28,19,086","14,51,542","13,67,544",3387.0,832,406,29,12,0,0
332,Maldah ,Total,"1,613",158,29,"8,46,991","39,88,845","20,51,541","19,37,304",3733.0,"1,069",511,35,15,0,0
333,Murshidabad ,Total,"1,886",280,72,"15,70,759","71,03,807","36,27,564","34,76,243",5324.0,"1,334",832,69,27,0,0
334,Birbhum,Total,"2,242",213,20,"8,17,899","35,02,404","17,90,920","17,11,484",4545.0,771,484,58,19,0,0
335,Barddhaman ,Total,"2,418",84,96,"17,30,927","77,17,563","39,66,889","37,50,674",7024.0,"1,099",765,104,35,0,0
338,Hugli ,Total,"1,842",24,77,"12,87,423","55,19,145","28,14,653","27,04,492",3149.0,"1,753",660,59,18,0,0
339,Bankura ,Total,"3,585",238,12,"7,66,902","35,96,674","18,38,095","17,58,579",6882.0,523,564,69,22,0,0
340,Puruliya,Total,"2,459",208,28,"5,67,824","29,30,115","14,96,996","14,33,119",6259.0,468,485,52,20,0,0
341,Haora ,Total,644,6,138,"10,61,336","48,50,029","25,00,819","23,49,210",1467.0,"3,306",448,41,15,0,0
346,Garhwa ,Total,844,44,3,"2,54,697","13,22,784","6,83,575","6,39,209",4093.0,323,132,12,8,1,1
347,Chatra,Total,"1,377",94,2,"1,82,271","10,42,886","5,33,935","5,08,951",3718.0,280,93,11,6,0,1
349,Giridih,Total,"2,558",191,12,"3,96,521","24,45,474","12,58,098","11,87,376",4962.0,493,181,15,12,0,1
350,Deoghar,Total,"2,354",308,2,"2,64,347","14,92,073","7,75,022","7,17,051",2477.0,602,181,5,7,1,1
351,Godda,Total,"1,688",614,3,"2,53,648","13,13,551","6,77,927","6,35,624",2266.0,580,185,10,7,0,1
352,Sahibganj,Total,"1,349",464,8,"2,27,023","11,50,567","5,89,391","5,61,176",2063.0,558,155,10,7,1,1
353,Pakur,Total,"1,141",106,4,"1,82,317","9,00,422","4,52,661","4,47,761",1811.0,497,121,9,6,0,1
354,Dhanbad,Total,"1,075",84,46,"5,07,064","26,84,487","14,05,956","12,78,531",2040.0,"1,316",141,28,8,0,0
355,Bokaro,Total,611,24,27,"3,94,918","20,62,330","10,72,807","9,89,523",2883.0,715,116,16,5,3,0
356,Lohardaga,Total,352,1,1,"88,638","4,61,790","2,32,629","2,29,161",1502.0,307,73,10,5,0,1
358,Palamu,Total,"1,711",159,9,"3,58,754","19,39,869","10,06,302","9,33,567",4393.0,442,171,21,10,2,1
359,Latehar,Total,749,20,4,"1,33,381","7,26,978","3,69,666","3,57,312",4291.0,169,97,10,7,0,1
360,Hazaribagh,Total,"1,193",115,17,"3,04,749","17,34,495","8,90,881","8,43,614",3555.0,488,146,14,10,0,1
361,Ramgarh,Total,305,10,23,"1,79,375","9,49,443","4,94,230","4,55,213",1341.0,708,54,5,4,0,1
362,Dumka,Total,"2,688",237,5,"2,75,019","13,21,442","6,68,514","6,52,928",3761.0,351,258,36,10,0,1
363,Jamtara,Total,"1,082",79,3,"1,55,275","7,91,042","4,04,830","3,86,212",1811.0,437,132,15,4,0,1
364,Ranchi,Total,"1,296",15,15,"5,69,444","29,14,253","14,94,937","14,19,316",5097.0,572,365,28,13,1,1
365,Khunti,Total,754,2,2,"1,03,700","5,31,885","2,66,335","2,65,550",2535.0,210,108,4,6,0,1
366,Gumla,Total,942,4,3,"1,88,988","10,25,213","5,14,390","5,10,823",5360.0,191,242,13,11,0,1
367,Simdega,Total,449,1,1,"1,18,288","5,99,578","3,00,309","2,99,269",3774.0,159,162,7,7,0,1
370,Bargarh,Total,"1,179",27,8,"3,70,308","14,81,255","7,49,161","7,32,094",5837.0,254,204,46,14,1,1
371,Jharsuguda,Total,347,4,5,"1,36,061","5,79,505","2,96,690","2,82,815",2114.0,274,66,15,6,0,1
372,Sambalpur,Total,"1,229",84,6,"2,49,597","10,41,099","5,26,877","5,14,222",6624.0,157,167,31,11,2,1
374,Sundargarh,Total,"1,713",49,14,"4,79,109","20,93,437","10,61,147","10,32,290",9712.0,216,390,56,20,2,2
376,Mayurbhanj,Total,"3,751",199,5,"5,86,253","25,19,738","12,56,213","12,63,525",10418.0,242,589,82,28,3,1
378,Bhadrak,Total,"1,250",62,4,"3,06,333","15,06,337","7,60,260","7,46,077",2505.0,601,178,50,7,0,1
379,Kendrapara ,Total,"1,415",132,2,"3,21,934","14,40,361","7,17,814","7,22,547",2644.0,545,227,45,9,0,1
380,Jagatsinghapur ,Total,"1,223",69,4,"2,61,307","11,36,971","5,77,865","5,59,106",1668.0,682,189,37,9,0,1
381,Cuttack,Total,"1,854",96,11,"5,79,170","26,24,470","13,52,760","12,71,710",3932.0,667,332,57,18,2,1
382,Jajapur  ,Total,"1,598",185,8,"4,07,851","18,27,192","9,26,034","9,01,158",2899.0,630,260,56,12,0,1
384,Anugul  ,Total,"1,654",217,18,"2,97,050","12,73,821","6,55,718","6,18,103",6375.0,200,166,31,10,3,1
386,Khordha ,Total,"1,356",178,13,"4,94,212","22,51,673","11,67,137","10,84,536",2813.0,800,202,46,13,0,2
387,Puri,Total,"1,600",107,6,"3,67,269","16,98,730","8,65,380","8,33,350",3479.0,488,241,45,16,0,1
388,Ganjam,Total,"2,783",412,39,"7,58,267","35,29,031","17,79,218","17,49,813",8206.0,430,460,89,30,2,1
389,Gajapati,Total,"1,499",113,5,"1,28,523","5,77,817","2,82,882","2,94,935",4325.0,134,136,20,8,0,1
390,Kandhamal,Total,"2,417",170,4,"1,72,022","7,33,110","3,59,945","3,73,165",8021.0,91,172,36,14,1,1
391,Baudh,Total,"1,117",70,1,"1,06,961","4,41,162","2,21,625","2,19,537",3098.0,142,67,12,5,0,1
393,Balangir,Total,"1,751",32,8,"4,14,749","16,48,997","8,30,097","8,18,900",6575.0,251,226,42,15,2,1
394,Nuapada,Total,656,12,2,"1,52,210","6,10,382","3,01,962","3,08,420",3852.0,158,95,17,6,0,1
395,Kalahandi,Total,"2,116",137,5,"4,01,251","15,76,869","7,87,101","7,89,768",7920.0,199,242,43,16,1,1
396,Rayagada  ,Total,"2,468",197,7,"2,26,144","9,67,911","4,71,960","4,95,951",7073.0,137,235,36,11,1,1
398,Koraput,Total,"1,941",101,7,"3,37,677","13,79,647","6,78,809","7,00,838",8807.0,157,307,48,16,1,1
399,Malkangiri  ,Total,995,60,3,"1,37,599","6,13,192","3,03,624","3,09,568",5791.0,106,158,25,8,0,1
400,Koriya,Total,623,13,8,"1,53,274","6,58,917","3,34,737","3,24,180",6604.0,100,181,27,5,0,1
401,Surguja,Total,"1,746",4,16,"5,26,049","23,59,886","11,93,129","11,66,757",15732.0,150,591,81,19,0,1
402,Jashpur ,Total,754,1,5,"1,92,570","8,51,669","4,24,747","4,26,922",5838.0,146,256,33,8,0,1
403,Raigarh,Total,"1,426",40,10,"3,67,962","14,93,984","7,50,278","7,43,706",7086.0,211,338,51,9,0,1
404,Korba ,Total,707,12,7,"2,80,073","12,06,640","6,12,915","5,93,725",6598.0,183,256,37,4,0,1
406,Bilaspur,Total,"1,566",33,20,"6,00,822","26,63,629","13,51,574","13,12,055",8272.0,322,381,79,10,0,1
406,Bilaspur,Total,"1,566",33,20,"6,00,822","26,63,629","13,51,574","13,12,055",8272.0,322,114,30,6,0,0
409,Durg,Total,"1,761",12,25,"7,01,707","33,43,872","16,82,101","16,61,771",8535.0,392,444,73,15,0,1
410,Raipur,Total,"2,094",55,26,"8,71,225","40,63,872","20,48,186","20,15,686",12383.0,328,572,69,18,0,1
411,Mahasamund,Total,"1,112",33,6,"2,48,561","10,32,754","5,11,967","5,20,787",4790.0,216,219,28,4,0,1
412,Dhamtari ,Total,619,30,6,"1,70,951","7,99,781","3,97,897","4,01,884",4084.0,196,178,22,4,0,1
414,Bastar,Total,"1,128",22,6,"3,11,538","14,13,199","6,98,487","7,14,712",10470.0,135,405,58,11,0,0
417,Bijapur,Total,565,129,3,"54,757","2,55,230","1,28,663","1,26,567",8530.0,30,90,12,4,0,1
417,Bijapur,Total,565,129,3,"54,757","2,55,230","1,28,663","1,26,567",8530.0,30,309,68,8,4,1
418,Sheopur ,Total,516,66,3,"1,46,043","6,87,861","3,61,784","3,26,077",6606.0,104,90,9,3,0,1
420,Bhind,Total,890,47,12,"2,99,233","17,03,005","9,26,843","7,76,162",4459.0,382,186,20,7,0,1
421,Gwalior,Total,618,37,11,"3,83,845","20,32,036","10,90,327","9,41,709",4560.0,446,101,15,2,4,1
422,Datia,Total,586,45,5,"1,60,215","7,86,754","4,20,157","3,66,597",2902.0,271,95,10,3,2,1
423,Shivpuri,Total,"1,305",112,7,"3,59,969","17,26,050","9,19,795","8,06,255",10066.0,171,249,12,8,0,1
424,Tikamgarh,Total,878,85,13,"2,96,116","14,45,166","7,60,355","6,84,811",5048.0,286,156,20,7,0,1
425,Chhatarpur,Total,"1,085",102,16,"3,56,297","17,62,375","9,36,121","8,26,254",8687.0,203,192,37,10,0,1
427,Sagar,Total,"1,901",174,20,"5,17,850","23,78,458","12,56,257","11,22,201",10252.0,232,245,27,11,1,1
428,Damoh,Total,"1,176",34,9,"2,97,608","12,64,219","6,61,873","6,02,346",7306.0,173,163,14,6,1,1
430,Rewa,Total,"2,408",311,13,"5,26,065","23,65,106","12,25,100","11,40,006",6314.0,375,285,28,11,1,1
431,Umaria,Total,594,59,7,"1,45,024","6,44,758","3,30,674","3,14,084",4076.0,158,89,12,3,0,1
432,Neemuch ,Total,675,123,10,"1,79,746","8,26,067","4,22,653","4,03,414",4256.0,194,104,16,3,2,1
434,Ratlam,Total,"1,053",16,10,"2,96,683","14,55,069","7,38,241","7,16,828",4861.0,299,158,25,5,2,1
435,Ujjain,Total,"1,095",6,9,"3,91,438","19,86,864","10,16,289","9,70,575",6091.0,326,172,22,5,6,1
436,Shajapur,Total,"1,071",36,13,"3,00,025","15,12,681","7,80,520","7,32,161",6195.0,244,174,19,7,4,1
437,Dewas,Total,"1,057",57,13,"3,08,871","15,63,715","8,05,359","7,58,356",7020.0,223,180,22,6,1,1
438,Dhar,Total,"1,477",58,13,"4,25,914","21,85,793","11,12,725","10,73,068",8153.0,268,399,46,15,0,1
439,Indore,Total,614,15,24,"6,49,540","32,76,697","16,99,627","15,77,070",3898.0,841,111,25,4,3,1
442,Rajgarh,Total,"1,677",51,13,"3,45,297","15,45,814","7,90,212","7,55,602",6153.0,251,166,29,5,3,1
443,Vidisha,Total,"1,536",78,7,"2,99,676","14,58,875","7,69,568","6,89,307",7371.0,198,146,21,7,2,1
444,Bhopal,Total,501,18,3,"5,01,805","23,71,061","12,36,130","11,34,931",2772.0,855,63,10,3,2,1
445,Sehore,Total,"1,031",41,8,"2,57,311","13,11,332","6,83,743","6,27,589",6578.0,199,154,15,8,1,1
446,Raisen,Total,"1,424",61,12,"2,78,895","13,31,597","7,00,358","6,31,239",8466.0,157,176,19,8,1,1
447,Betul,Total,"1,344",55,10,"3,29,832","15,75,362","7,99,236","7,76,126",10043.0,157,263,33,10,0,1
448,Harda ,Total,511,56,3,"1,13,379","5,70,465","2,94,838","2,75,627",3334.0,171,56,6,4,0,1
449,Hoshangabad,Total,921,40,12,"2,57,199","12,41,350","6,48,725","5,92,625",6703.0,185,152,15,6,2,1
450,Katni ,Total,905,42,4,"2,89,551","12,92,042","6,62,013","6,30,029",4950.0,261,156,17,6,1,1
451,Jabalpur,Total,"1,377",47,24,"5,39,060","24,63,289","12,77,278","11,86,011",5211.0,473,185,22,5,3,1
453,Dindori ,Total,901,23,2,"1,69,630","7,04,524","3,51,913","3,52,611",7470.0,94,160,23,7,0,1
454,Mandla,Total,"1,203",18,8,"2,50,146","10,54,905","5,25,272","5,29,633",5800.0,182,248,30,9,0,1
455,Chhindwara,Total,"1,906",59,24,"4,43,361","20,90,922","10,64,468","10,26,454",11815.0,177,341,67,13,2,1
456,Seoni,Total,"1,579",8,6,"3,14,767","13,79,131","6,95,879","6,83,252",8758.0,157,263,30,7,1,1
457,Balaghat,Total,"1,272",112,13,"3,91,836","17,01,698","8,42,178","8,59,520",9229.0,184,236,36,9,1,1
460,Shahdol,Total,814,30,8,"2,51,452","10,66,063","5,40,021","5,26,042",6205.0,172,194,28,7,1,1
462,Sidhi,Total,"1,025",30,4,"2,38,448","11,27,033","5,75,912","5,51,121",4851.0,232,145,25,6,0,1
464,Jhabua,Total,783,30,5,"1,94,157","10,25,048","5,15,023","5,10,025",3600.0,285,190,19,7,0,1
465,Alirajpur,Total,538,5,4,"1,23,800","7,28,999","3,62,542","3,66,457",3182.0,229,152,15,5,0,1
467,Burhanpur,Total,261,2,3,"1,46,341","7,57,847","3,88,504","3,69,343",3427.0,221,97,13,4,0,1
470,Patan  ,Total,517,0,6,"2,67,633","13,43,734","6,94,397","6,49,337",5792.0,232,210,29,13,1,1
472,Sabar Kantha,Total,"1,364",12,15,"4,81,414","24,28,589","12,44,231","11,84,358",7394.0,328,413,63,21,1,1
474,Ahmadabad,Total,506,6,13,"15,10,134","72,14,225","37,88,051","34,26,174",8107.0,890,279,44,11,0,1
476,Rajkot,Total,833,2,23,"7,86,586","38,04,558","19,74,445","18,30,113",11198.0,340,330,45,18,5,1
478,Porbandar ,Total,179,3,6,"1,24,556","5,85,449","3,00,209","2,85,240",2316.0,253,85,10,3,0,1
480,Amreli,Total,614,2,10,"2,94,837","15,14,190","7,71,049","7,43,141",7397.0,205,247,37,14,2,1
483,Kheda,Total,615,3,12,"4,66,856","22,99,885","11,85,727","11,14,158",3953.0,582,317,50,12,1,1
484,Panch Mahals,Total,"1,198",12,9,"4,46,611","23,90,776","12,26,961","11,63,815",5231.0,457,400,65,14,2,1
486,Vadodara,Total,"1,533",4,25,"8,77,106","41,65,626","21,53,736","20,11,890",7546.0,552,465,79,16,0,1
488,Bharuch,Total,647,6,21,"3,33,483","15,51,019","8,05,707","7,45,312",6509.0,238,200,38,7,0,1
491,Valsad,Total,433,1,28,"3,64,403","17,05,678","8,87,222","8,18,456",3008.0,567,330,41,10,2,1
492,Surat,Total,690,23,22,"13,33,200","60,81,322","34,02,224","26,79,098",4549.0,"1,337",375,51,13,0,0
493,Tapi,Total,451,37,4,"1,77,091","8,07,022","4,02,188","4,04,834",3139.0,257,226,30,5,0,1
494,Diu,Total,4,0,1,"10,580","52,074","25,642","26,432",39.0,"1,335",6,1,1,0,1
495,Daman,Total,15,0,7,"50,376","1,91,173","1,24,659","66,514",72.0,"2,655",20,2,1,0,1
498,Dhule,Total,674,4,8,"4,08,874","20,50,862","10,54,031","9,96,831",7195.0,285,232,41,6,3,0
499,Jalgaon,Total,"1,487",26,20,"9,03,643","42,29,917","21,97,365","20,32,552",11765.0,360,442,77,17,3,1
501,Akola,Total,864,122,12,"3,95,690","18,13,906","9,32,334","8,81,572",5672.81,320,178,30,5,1,0
502,Washim,Total,698,91,4,"2,59,464","11,97,160","6,20,302","5,76,858",4901.19,244,153,25,7,0,1
503,Amravati,Total,"1,637",360,12,"6,47,451","28,88,445","14,80,768","14,07,677",12210.0,237,333,56,9,4,1
504,Wardha,Total,973,403,13,"3,09,846","13,00,774","6,68,385","6,32,389",6309.0,206,181,27,6,2,1
506,Bhandara,Total,771,93,12,"2,78,076","12,00,334","6,05,520","5,94,814",4087.0,294,193,33,7,2,1
507,Gondiya,Total,883,59,10,"2,92,369","13,22,507","6,61,554","6,60,953",5234.0,253,238,39,10,1,1
508,Gadchiroli,Total,"1,509",166,6,"2,50,435","10,72,942","5,41,328","5,31,614",14412.0,74,376,45,9,3,1
509,Chandrapur,Total,"1,463",329,23,"5,36,686","22,04,307","11,23,834","10,80,473",11443.0,193,339,58,11,2,1
510,Yavatmal,Total,"1,853",284,18,"6,46,886","27,72,348","14,19,965","13,52,383",13582.0,204,435,63,14,3,0
512,Hingoli,Total,675,36,3,"2,28,868","11,77,345","6,06,294","5,71,051",4827.0,244,132,24,3,1,1
513,Parbhani,Total,830,13,8,"3,61,130","18,36,086","9,42,870","8,93,216",6214.0,295,214,31,6,2,1
517,Thane,Total,"1,704",17,51,"25,29,165","1,10,60,148","58,65,078","51,95,070",9558.0,"1,157",492,78,14,6,1
520,Raigarh,Total,"1,860",49,42,"6,11,790","26,34,200","13,44,345","12,89,855",7152.0,368,338,51,9,0,1
521,Pune,Total,"1,852",25,35,"21,51,503","94,29,408","49,24,105","45,05,303",15643.0,603,539,96,21,3,1
524,Latur,Total,928,20,7,"4,81,572","24,54,196","12,73,140","11,81,056",7157.0,343,252,46,10,2,0
526,Solapur,Total,"1,143",11,13,"8,73,167","43,17,756","22,27,852","20,89,904",14895.0,290,431,77,13,3,0
527,Satara,Total,"1,719",26,22,"6,53,735","30,03,741","15,10,842","14,92,899",10480.0,287,400,71,15,2,1
529,Sindhudurg,Total,740,8,8,"2,09,839","8,49,651","4,17,332","4,32,319",5207.0,163,248,38,7,3,1
530,Kolhapur,Total,"1,195",21,23,"8,40,240","38,76,001","19,80,658","18,95,343",7685.0,504,413,72,16,4,0
531,Sangli,Total,725,3,7,"5,98,386","28,22,143","14,35,728","13,86,415",8572.0,329,320,59,12,2,0
532,Adilabad,Total,"1,590",135,22,"6,49,849","27,41,239","13,69,597","13,71,642",16105.0,170,470,70,13,2,0
533,Nizamabad,Total,847,65,8,"5,93,234","25,51,335","12,50,641","13,00,694",7956.0,321,412,50,14,3,1
535,Medak,Total,"1,201",30,24,"6,68,626","30,33,288","15,23,030","15,10,258",9699.0,313,489,67,8,3,1
536,Hyderabad,Total,0,0,3,"8,49,051","39,43,323","20,18,575","19,24,748",217.0,"18,172",53,10,0,4,1
540,Warangal,Total,961,88,15,"8,86,279","35,12,576","17,59,281","17,53,295",12846.0,273,605,69,14,2,0
541,Khammam,Total,"1,103",120,14,"7,54,034","27,97,370","13,90,988","14,06,382",16029.0,175,591,69,13,2,1
542,Srikakulam,Total,"1,701",101,12,"6,81,330","27,03,114","13,41,738","13,61,376",5837.0,463,488,86,14,2,0
545,East Godavari,Total,"1,312",62,19,"14,28,528","51,54,296","25,69,688","25,84,608",10807.0,477,809,96,20,3,1
546,West Godavari,Total,842,39,13,"10,91,525","39,36,966","19,64,918","19,72,048",7742.0,509,643,70,15,3,1
548,Guntur,Total,691,21,14,"12,96,609","48,87,813","24,40,521","24,47,292",11391.0,429,689,74,16,2,1
549,Prakasam,Total,985,96,13,"8,60,463","33,97,448","17,14,764","16,82,684",17626.0,193,555,85,14,3,0
552,Kurnool,Total,870,28,12,"8,87,652","40,53,463","20,39,227","20,14,236",17658.0,230,576,88,18,1,1
554,Chittoor,Total,"1,455",38,22,"10,39,953","41,74,064","20,90,204","20,83,860",15152.0,275,653,94,9,5,1
555,Belgaum,Total,"1,263",12,31,"9,83,854","47,79,661","24,23,063","23,56,598",13433.0,356,549,154,16,9,1
556,Bagalkot ,Total,613,11,15,"3,61,149","18,89,752","9,50,111","9,39,641",6552.0,288,234,50,7,5,1
557,Bijapur,Total,679,13,6,"4,08,806","21,77,331","11,11,022","10,66,309",10498.0,207,90,12,4,0,1
557,Bijapur,Total,679,13,6,"4,08,806","21,77,331","11,11,022","10,66,309",10498.0,207,309,68,8,4,1
558,Bidar,Total,595,25,7,"3,19,937","17,03,300","8,70,665","8,32,635",5448.0,313,279,53,6,4,1
559,Raichur,Total,815,69,9,"3,63,853","19,28,812","9,64,511","9,64,301",8442.0,228,223,53,5,4,1
560,Koppal,Total,595,34,5,"2,64,595","13,89,920","6,99,926","6,89,994",5570.0,250,185,47,8,3,1
561,Gadag,Total,322,15,9,"2,19,096","10,64,570","5,37,147","5,27,423",4657.0,229,168,37,2,4,1
562,Dharwad,Total,361,18,6,"3,82,700","18,47,023","9,37,206","9,09,817",4260.0,434,194,32,0,3,1
564,Haveri,Total,696,7,10,"3,30,414","15,97,668","8,19,128","7,78,540",4823.0,331,303,72,5,6,1
565,Bellary,Total,522,30,13,"4,89,118","24,52,595","12,36,954","12,15,641",8461.0,290,272,75,8,6,1
566,Chitradurga,Total,948,115,8,"3,57,003","16,59,456","8,40,843","8,18,613",8436.0,197,283,89,10,5,1
568,Shimoga,Total,"1,444",86,9,"4,06,816","17,52,753","8,77,415","8,75,338",8478.0,207,305,91,5,6,1
569,Udupi,Total,233,0,20,"2,53,078","11,77,361","5,62,131","6,15,230",3582.0,329,301,73,7,2,1
570,Chikmagalur,Total,"1,022",95,9,"2,76,085","11,37,961","5,66,622","5,71,339",7202.0,158,375,92,4,6,1
571,Tumkur,Total,"2,582",133,12,"6,40,081","26,78,980","13,50,594","13,28,386",10597.0,253,487,143,4,9,1
573,Mandya,Total,"1,368",109,9,"4,28,625","18,05,769","9,05,085","9,00,684",4962.0,364,385,114,7,6,1
574,Hassan,Total,"2,418",156,11,"4,33,453","17,76,421","8,83,667","8,92,754",6814.0,261,456,137,14,7,1
576,Kodagu,Total,291,5,5,"1,42,716","5,54,519","2,74,608","2,79,911",4102.0,135,206,32,6,2,1
577,Mysore,Total,"1,199",137,19,"7,00,968","30,01,127","15,11,600","14,89,527",6307.0,476,438,140,9,6,0
579,Gulbarga,Total,871,47,11,"4,71,601","25,66,326","13,01,755","12,64,571",10954.0,234,347,89,16,6,1
580,Yadgir,Total,487,26,7,"2,02,063","11,74,271","5,90,329","5,83,942",5270.0,223,176,46,5,2,1
581,Kolar,Total,"1,608",189,7,"3,33,348","15,36,401","7,76,396","7,60,005",3979.0,386,275,62,2,4,2
583,Bangalore Rural,Total,957,94,7,"2,29,279","9,90,923","5,09,172","4,81,751",2298.0,431,167,47,1,4,0
585,North Goa,Total,188,6,47,"1,91,766","8,18,008","4,16,677","4,01,331",1736.0,471,104,11,3,0,1
586,South Goa,Total,132,8,23,"1,51,845","6,40,537","3,22,463","3,18,074",1966.0,326,71,8,2,0,1
587,Lakshadweep,Total,6,15,6,"11,574","64,473","33,123","31,350",30.0,"2,149",14,4,3,1,1
588,Kasaragod,Total,93,0,27,"2,73,410","13,07,375","6,28,613","6,78,762",1989.0,657,220,40,9,2,0
589,Kannur,Total,56,0,67,"5,54,298","25,23,003","11,81,446","13,41,557",2961.0,852,362,81,10,4,0
591,Kozhikode,Total,51,0,51,"6,97,710","30,86,293","14,70,942","16,15,351",2345.0,"1,316",354,61,16,4,0
592,Malappuram,Total,83,0,44,"7,93,999","41,12,920","19,60,328","21,52,592",3554.0,"1,157",514,84,21,2,0
593,Palakkad,Total,131,0,21,"6,37,220","28,09,934","13,59,478","14,50,456",4482.0,627,441,74,18,4,0
594,Thrissur,Total,98,0,135,"7,59,210","31,21,200","14,80,763","16,40,437",3027.0,"1,031",413,75,24,3,0
596,Idukki ,Total,64,0,1,"2,79,812","11,08,974","5,52,808","5,56,166",4356.0,255,276,40,14,3,0
597,Kottayam,Total,80,0,17,"4,87,296","19,74,551","9,68,289","10,06,262",2206.0,895,293,54,17,3,0
598,Alappuzha,Total,51,1,38,"5,35,958","21,27,789","10,13,142","11,14,647",1415.0,"1,504",324,56,16,4,0
600,Kollam,Total,69,0,27,"6,69,375","26,35,375","12,46,968","13,88,407",2483.0,"1,061",368,50,16,6,0
602,Thiruvallur,Total,582,35,58,"9,46,949","37,28,104","18,76,062","18,52,042",3394.0,"1,098",303,34,14,10,1
604,Kancheepuram,Total,962,57,75,"10,06,245","39,98,252","20,12,958","19,85,294",4483.0,892,364,44,13,7,1
605,Vellore,Total,763,95,72,"9,29,281","39,36,331","19,61,688","19,74,643",6075.0,648,454,55,20,9,1
607,Viluppuram,Total,"1,431",55,19,"8,00,368","34,58,873","17,40,819","17,18,054",7194.0,481,557,68,22,8,1
608,Salem,Total,517,68,68,"9,15,967","34,82,056","17,81,571","17,00,485",5237.0,665,398,59,20,8,1
610,Erode,Total,287,19,59,"6,58,071","22,51,744","11,29,868","11,21,876",5760.0,391,311,38,14,7,1
611,The Nilgiris,Total,40,0,18,"1,97,653","7,35,394","3,60,143","3,75,251",2565.0,287,194,26,4,5,1
612,Dindigul,Total,330,32,34,"5,60,773","21,59,775","10,80,938","10,78,837",6036.0,358,311,43,14,11,1
613,Karur ,Total,169,1,19,"2,87,095","10,64,493","5,28,184","5,36,309",2904.0,367,168,23,8,5,1
615,Perambalur  ,Total,147,12,5,"1,49,243","5,65,223","2,82,157","2,83,066",1756.0,322,203,51,10,6,1
617,Cuddalore,Total,799,29,30,"6,35,578","26,05,914","13,11,697","12,94,217",3703.0,704,319,47,13,7,1
619,Thiruvarur,Total,538,9,11,"3,27,219","12,64,277","6,26,693","6,37,584",2274.0,556,195,32,10,6,1
620,Thanjavur,Total,789,16,34,"6,05,363","24,05,890","11,82,416","12,23,474",3411.0,705,309,49,14,12,1
621,Pudukkottai,Total,732,18,16,"3,87,679","16,18,345","8,03,188","8,15,157",4644.0,348,240,42,13,11,1
622,Sivaganga,Total,508,7,16,"3,38,938","13,39,101","6,68,672","6,70,429",4233.0,316,275,36,12,9,1
623,Madurai,Total,526,44,39,"7,94,887","30,38,252","15,26,475","15,11,777",3710.0,819,314,38,13,5,1
624,Theni  ,Total,80,18,28,"3,38,112","12,45,899","6,25,683","6,20,216",2868.0,434,162,22,8,5,1
628,Tirunelveli ,Total,430,35,53,"8,15,528","30,77,233","15,20,912","15,56,321",6693.0,460,383,50,19,12,1
630,Dharmapuri,Total,448,38,13,"3,75,873","15,06,843","7,74,303","7,32,540",4497.0,335,218,28,8,3,1
632,Coimbatore,Total,219,18,69,"9,58,035","34,58,045","17,29,297","17,28,748",4732.0,731,328,35,12,8,1
633,Tiruppur,Total,297,0,49,"7,12,210","24,79,052","12,46,159","12,32,893",5187.0,478,242,30,13,7,1
635,Puducherry,Total,62,0,6,"2,31,513","9,50,289","4,68,258","4,82,031",294.0,"3,232",36,15,2,0,0
636,Mahe,Total,0,0,1,"7,420","41,816","19,143","22,673",9.0,"4,646",0,0,0,0,0
637,Karaikal,Total,28,0,2,"49,705","2,00,222","97,809","1,02,413",157.0,"1,275",17,9,1,0,0
640,South Andaman,Total,108,20,4,"59,064","2,38,142","1,27,283","1,10,859",2672.0,89,37,9,1,0,1
